{
  "fastxtend": {
    "Overview": "/"
  },
  "Augmentation": {
    "TensorImage & TensorMask item_tfms": "augment.tensor_item_tfm.html"
  },
  "Callbacks": {
    "Channels Last": "callback.channelslast.html",
    "CutMixUp": "callback.cutmixup.html",
    "LR Finder": "callback.lr_finder.html",
    "Simple Profiler": "callback.simpleprofiler.html"
  },
  "Schedulers": {
    "Fit Flat Varied": "schedulers.fit_flat_varied.html"
  },
  "Utils": {
    "Less Random": "utils.lessrandom.html",
    "Simple Profiler WandB": "utils.simpleprofiler_wandb.html"
  }
}
